TotalPop2016,Instability_DA16,Deprivation_DA16,Dependency_DA16,Ethniccon_DA16,Instability_q_DA16,Deprivation_q_DA16,Dependency_q_DA16,Ethniccon_q_DA16,PCODE3
29381,-0.284535889818488,-0.10786971957966,0.339764447222593,-0.950207111561383,0,3,4,1,K0B
65751,-0.382849708053429,-0.166699144751973,0.304823892540935,-0.91405174390248,0,3,4,1,K0C
140144,-0.57018491532939,-0.709001674843447,-0.310893594211197,-0.667601513471165,0,2,3,2,K0A
61099,-0.390741507461988,-0.109006636355423,0.500289439334441,-0.928792755970687,0,3,4,1,K0E
60946,-0.437190104784629,-0.445726615711105,0.405891540777327,-0.922367900463525,0,2,4,1,K0G
14882,-0.415763392787529,-0.617619302498522,0.11754447964615,-0.481076676321933,0,2,3,2,K1E
42890,-0.348211928048356,-0.680568368072698,-0.105384221515738,-0.064586587471299,0,2,3,3,K1C
17503,0.11621507812615,-0.019680245075187,-0.173249982662915,0.052742986205965,0,3,3,3,K1B
