DAUID,Pop2016,Instability_DA16,Deprivation_DA16,Dependency_DA16,Ethniccon_DA16,Instability_q_DA16,Deprivation_q_DA16,Dependency_q_DA16,Ethniccon_q_DA16,PCODE3,,DAUID,Instability_DA16,Instability_q_DA16
35010155,457,-0.47718923,0.053000097,0.227839327,-1.263003133,2,4,4,1,K0B,,35010155,-0.47718923,2
35010155,457,-0.47718923,0.053000097,0.227839327,-1.263003133,2,4,4,1,K0C,,35010155,-0.47718923,2
35010155,0,0,0,0,0,0,0,0,0,K0B,,35010155,0,0
35010155,457,-0.47718923,0.053000097,0.227839327,-1.263003133,2,4,4,1,K0C,,35010155,-0.47718923,2
