TotalPop2016,Instability_DA16,Deprivation_DA16,Dependency_DA16,Ethniccon_DA16,Instability_q_DA16,Deprivation_q_DA16,Dependency_q_DA16,Ethniccon_q_DA16,PCODE3,2016_standard_derivation.SD_Instability_DA16,2016_standard_derivation.SD_Deprivation_DA16,2016_standard_derivation.SD_Dependency_DA16,2016_standard_derivation.SD_Ethniccon_DA16,2016_standard_derivation.SD_Instability_q_DA16,2016_standard_derivation.SD_Deprivation_q_DA16,2016_standard_derivation.SD_Dependency_q_DA16,2016_standard_derivation.SD_Ethniccon_q_DA16,2016_standard_derivation.PCODE3,2016_standard_derivation.count
29381,-0.28453589,-0.10786972,0.339764447,-0.950207112,2.844491338,2.99969368,3.747591981,1.188693373,K0B,0.447918214,0.553567528,0.689170163,0.185736089,1.003012055,1.036294594,1.094343057,0.4302828,K0B,52
65751,-0.382849708,-0.166699145,0.304823893,-0.914051744,2.522334261,2.889233624,3.643123299,1.349698103,K0C,0.497010488,0.617209654,0.769033834,0.206664739,1.060476036,1.0495772,1.173809086,0.504819913,K0C,127
